{
    "pipes": [
        [
            0.9999958855125278,
            -0.0003390536429502087,
            0.00284850849637716,
            -0.04529802147352782
        ],
        [
            0.0003384672329815649,
            0.9999999214308033,
            0.00020634516262400145,
            0.10895123780311035
        ],
        [
            -0.0028485782346512637,
            -0.0002053801868317102,
            0.999995921702197,
            0.08883200848787824
        ],
        [
            0.0,
            0.0,
            0.0,
            1.0
        ]
    ],
    "courtyard": [
        [
            0.9999996892427058,
            0.0001001906864626903,
            -0.0007819695118677252,
            0.0017703377966727502
        ],
        [
            -0.00010514488496122165,
            0.9999799086943951,
            -0.006338071639034637,
            0.03527744858261783
        ],
        [
            0.0007813187853308474,
            0.006338151889526772,
            0.9999796084778835,
            -0.059537876308672535
        ],
        [
            0.0,
            0.0,
            0.0,
            1.0
        ]
    ],
    "delivery_area": [
        [
            0.9999914509641594,
            0.002908113706408435,
            -0.0029395362406790084,
            0.010389805206307582
        ],
        [
            -0.0029175817371758545,
            0.9999905538590812,
            -0.003221786684921148,
            -0.07122035361010486
        ],
        [
            0.002930139151387792,
            0.0032303354790028703,
            0.9999904895634076,
            0.030824740322486385
        ],
        [
            0.0,
            0.0,
            0.0,
            1.0
        ]
    ],
    "electro": [
        [
            0.9999734928447483,
            0.00028428843771070096,
            0.007275492284300125,
            0.052387731700995234
        ],
        [
            -0.00026588479476020424,
            0.9999967632322972,
            -0.002530381437549271,
            0.08526881976444425
        ],
        [
            -0.007276188093400016,
            0.002528379921563252,
            0.9999703317508085,
            0.035278964914922474
        ],
        [
            0.0,
            0.0,
            0.0,
            1.0
        ]
    ],
    "facade": [
        [
            0.9999999980952906,
            6.168630645148934e-05,
            -2.059193007431384e-06,
            -0.4382622910954465
        ],
        [
            -6.168714470782608e-05,
            0.9999999142152387,
            -0.0004095903685188269,
            -0.1313567289509808
        ],
        [
            2.0339267009901553e-06,
            0.0004095904947636311,
            0.9999999161157632,
            0.014716332665862985
        ],
        [
            0.0,
            0.0,
            0.0,
            1.0
        ]
    ],
    "kicker": [
        [
            0.9995597373032024,
            -0.029665510200080115,
            0.0005376494818223132,
            0.042370559673364
        ],
        [
            0.029658232522064887,
            0.9995049003881651,
            0.010504444000675428,
            0.03177759563161827
        ],
        [
            -0.0008490029824192442,
            -0.010483873552480849,
            0.9999446822646222,
            0.051638074875788295
        ],
        [
            0.0,
            0.0,
            0.0,
            1.0
        ]
    ],
    "meadow": [
        [
            0.7806058845613354,
            -0.6057669838855292,
            -0.15395068763225747,
            -2.249055372199857
        ],
        [
            0.6229944150477541,
            0.7739312665952752,
            0.11361493478209127,
            -1.01784106562785
        ],
        [
            0.05032307430514787,
            -0.18459890525261116,
            0.9815247487312871,
            -0.7074754988898944
        ],
        [
            0.0,
            0.0,
            0.0,
            1.0
        ]
    ],
    "office": [
        [
            0.9997589329433051,
            0.0171389649668206,
            0.013723406281049242,
            -0.08625247686365999
        ],
        [
            -0.017250583669942962,
            0.9998187361872375,
            0.008056806565425909,
            -0.08963985347782318
        ],
        [
            -0.013582833398631786,
            -0.008291601103072215,
            0.9998733699764341,
            -0.04941241620785143
        ],
        [
            0.0,
            0.0,
            0.0,
            1.0
        ]
    ],
    "playground": [
        [
            0.9999398150072404,
            0.009151836487911192,
            0.006050640644516657,
            0.013778385895510682
        ],
        [
            -0.009236409626158123,
            0.9998579211319711,
            0.014100577538205128,
            0.018550381985164826
        ],
        [
            -0.005920734796328342,
            -0.01415561509054248,
            0.9998822748008417,
            0.07385014474193466
        ],
        [
            0.0,
            0.0,
            0.0,
            1.0
        ]
    ],
    "relief": [
        [
            0.999987205684426,
            -0.005042364678154251,
            0.00040376468496309615,
            -0.06938741649130951
        ],
        [
            0.0050423402773876694,
            0.9999872854347331,
            6.142831412890317e-05,
            -0.03604652742559365
        ],
        [
            -0.0004040692952328145,
            -5.939160926430055e-05,
            0.9999999166003212,
            0.027452020573781304
        ],
        [
            0.0,
            0.0,
            0.0,
            1.0
        ]
    ],
    "relief_2": [
        [
            0.9999989016069446,
            0.00018944633604053772,
            0.0014699983036564807,
            0.08002253298052613
        ],
        [
            -0.0001895124932273445,
            0.9999999810360406,
            4.486578000007453e-05,
            -0.012083274484819162
        ],
        [
            -0.0014699897761282178,
            -4.5144313762979404e-05,
            0.9999989185454384,
            -0.017839247834331662
        ],
        [
            0.0,
            0.0,
            0.0,
            1.0
        ]
    ],
    "terrace": [
        [
            0.9999999867553581,
            -0.00016251608401373263,
            -8.820853945648914e-06,
            0.00759874180574184
        ],
        [
            0.00016246319643813313,
            0.9999837600169343,
            -0.005696780503508477,
            0.019190468840563853
        ],
        [
            9.746529154500268e-06,
            0.005696778994992481,
            0.9999837731753889,
            0.06848140932621039
        ],
        [
            0.0,
            0.0,
            0.0,
            1.0
        ]
    ],
    "terrains": [
        [
            0.9977211872943914,
            0.032977198699858316,
            0.058863713693508235,
            -0.08753980275457965
        ],
        [
            -0.02451038680223202,
            0.9899658319369852,
            -0.1391649831537107,
            0.057554215621954626
        ],
        [
            -0.06286233659901813,
            0.13740507983067957,
            0.9885181691168476,
            0.05980291812887633
        ],
        [
            0.0,
            0.0,
            0.0,
            1.0
        ]
    ]
}